"","SS","Visits"
"1","BG_1_10",7
"2","BG_1_100",6
"3","BG_1_101",5
"4","BG_1_102",5
"5","BG_1_103",6
"6","BG_1_104",6
"7","BG_1_105",4
"8","BG_1_109",6
"9","BG_1_11",4
"10","BG_1_112",4
"11","BG_1_113",4
"12","BG_1_114",6
"13","BG_1_115",5
"14","BG_1_116",8
"15","BG_1_117",6
"16","BG_1_118",5
"17","BG_1_119",7
"18","BG_1_12",7
"19","BG_1_120",5
"20","BG_1_124",8
"21","BG_1_126",6
"22","BG_1_127",4
"23","BG_1_128",6
"24","BG_1_129",6
"25","BG_1_13",6
"26","BG_1_130",6
"27","BG_1_131",2
"28","BG_1_132",6
"29","BG_1_133",6
"30","BG_1_134",6
"31","BG_1_135",3
"32","BG_1_139",5
"33","BG_1_14",4
"34","BG_1_141",5
"35","BG_1_142",3
"36","BG_1_143",3
"37","BG_1_144",5
"38","BG_1_145",5
"39","BG_1_146",4
"40","BG_1_147",5
"41","BG_1_148",4
"42","BG_1_149",2
"43","BG_1_150",5
"44","BG_1_21",8
"45","BG_1_22",2
"46","BG_1_23",2
"47","BG_1_24",4
"48","BG_1_25",8
"49","BG_1_26",8
"50","BG_1_27",6
"51","BG_1_28",5
"52","BG_1_29",5
"53","BG_1_36",5
"54","BG_1_37",5
"55","BG_1_38",3
"56","BG_1_39",5
"57","BG_1_40",6
"58","BG_1_41",5
"59","BG_1_42",4
"60","BG_1_43",2
"61","BG_1_44",5
"62","BG_1_51",6
"63","BG_1_52",7
"64","BG_1_53",6
"65","BG_1_54",6
"66","BG_1_55",2
"67","BG_1_56",2
"68","BG_1_57",2
"69","BG_1_58",1
"70","BG_1_59",1
"71","BG_1_6",2
"72","BG_1_60",5
"73","BG_1_66",4
"74","BG_1_68",3
"75","BG_1_69",6
"76","BG_1_7",6
"77","BG_1_70",4
"78","BG_1_71",6
"79","BG_1_72",1
"80","BG_1_73",6
"81","BG_1_74",2
"82","BG_1_75",6
"83","BG_1_8",6
"84","BG_1_81",3
"85","BG_1_82",2
"86","BG_1_84",5
"87","BG_1_85",4
"88","BG_1_86",5
"89","BG_1_87",5
"90","BG_1_88",3
"91","BG_1_89",6
"92","BG_1_9",4
"93","BG_1_90",5
"94","BG_1_96",1
"95","BG_1_97",6
"96","BG_1_98",6
"97","BG_1_99",7
"98","BG_10_1",3
"99","BG_10_10",3
"100","BG_10_100",4
"101","BG_10_11",4
"102","BG_10_12",4
"103","BG_10_13",3
"104","BG_10_14",4
"105","BG_10_15",3
"106","BG_10_17",4
"107","BG_10_18",4
"108","BG_10_19",4
"109","BG_10_2",4
"110","BG_10_20",4
"111","BG_10_21",4
"112","BG_10_22",4
"113","BG_10_23",4
"114","BG_10_24",3
"115","BG_10_25",4
"116","BG_10_26",4
"117","BG_10_27",4
"118","BG_10_28",3
"119","BG_10_29",4
"120","BG_10_3",3
"121","BG_10_30",4
"122","BG_10_31",3
"123","BG_10_32",4
"124","BG_10_33",4
"125","BG_10_34",4
"126","BG_10_35",4
"127","BG_10_36",4
"128","BG_10_37",3
"129","BG_10_38",3
"130","BG_10_39",4
"131","BG_10_4",3
"132","BG_10_40",3
"133","BG_10_41",3
"134","BG_10_42",2
"135","BG_10_43",3
"136","BG_10_44",4
"137","BG_10_45",3
"138","BG_10_46",1
"139","BG_10_47",3
"140","BG_10_48",4
"141","BG_10_49",3
"142","BG_10_5",4
"143","BG_10_50",4
"144","BG_10_51",3
"145","BG_10_52",3
"146","BG_10_53",4
"147","BG_10_54",4
"148","BG_10_55",3
"149","BG_10_56",2
"150","BG_10_57",3
"151","BG_10_58",3
"152","BG_10_6",4
"153","BG_10_60",4
"154","BG_10_61",3
"155","BG_10_62",4
"156","BG_10_63",4
"157","BG_10_64",1
"158","BG_10_65",3
"159","BG_10_66",4
"160","BG_10_67",4
"161","BG_10_68",4
"162","BG_10_69",4
"163","BG_10_7",4
"164","BG_10_70",4
"165","BG_10_71",4
"166","BG_10_72",3
"167","BG_10_73",3
"168","BG_10_74",4
"169","BG_10_75",4
"170","BG_10_76",4
"171","BG_10_77",4
"172","BG_10_79",4
"173","BG_10_8",3
"174","BG_10_80",4
"175","BG_10_81",3
"176","BG_10_82",4
"177","BG_10_85",3
"178","BG_10_86",3
"179","BG_10_87",3
"180","BG_10_88",4
"181","BG_10_89",4
"182","BG_10_9",4
"183","BG_10_90",3
"184","BG_10_91",3
"185","BG_10_92",3
"186","BG_10_93",4
"187","BG_10_94",3
"188","BG_10_95",4
"189","BG_10_96",2
"190","BG_10_97",4
"191","BG_10_98",4
"192","BG_10_99",4
"193","BG_12_1",4
"194","BG_12_10",2
"195","BG_12_100",2
"196","BG_12_11",1
"197","BG_12_12",2
"198","BG_12_13",1
"199","BG_12_15",1
"200","BG_12_17",2
"201","BG_12_19",2
"202","BG_12_2",2
"203","BG_12_20",1
"204","BG_12_24",2
"205","BG_12_25",1
"206","BG_12_27",2
"207","BG_12_30",1
"208","BG_12_33",2
"209","BG_12_37",2
"210","BG_12_40",1
"211","BG_12_43",2
"212","BG_12_44",2
"213","BG_12_48",1
"214","BG_12_49",2
"215","BG_12_52",2
"216","BG_12_53",2
"217","BG_12_54",1
"218","BG_12_56",1
"219","BG_12_57",2
"220","BG_12_58",1
"221","BG_12_59",1
"222","BG_12_64",2
"223","BG_12_66",1
"224","BG_12_67",1
"225","BG_12_68",1
"226","BG_12_7",1
"227","BG_12_71",1
"228","BG_12_72",1
"229","BG_12_73",2
"230","BG_12_77",1
"231","BG_12_79",1
"232","BG_12_8",1
"233","BG_12_81",1
"234","BG_12_82",1
"235","BG_12_85",3
"236","BG_12_86",2
"237","BG_12_88",1
"238","BG_12_9",1
"239","BG_12_90",1
"240","BG_12_92",1
"241","BG_12_95",2
"242","BG_12_96",1
"243","BG_12_99",2
"244","BG_13_1",4
"245","BG_13_10",1
"246","BG_13_100",1
"247","BG_13_12",2
"248","BG_13_19",1
"249","BG_13_2",3
"250","BG_13_20",2
"251","BG_13_24",2
"252","BG_13_27",1
"253","BG_13_28",2
"254","BG_13_33",1
"255","BG_13_34",2
"256","BG_13_37",2
"257","BG_13_38",1
"258","BG_13_45",2
"259","BG_13_55",3
"260","BG_13_56",2
"261","BG_13_6",2
"262","BG_13_63",2
"263","BG_13_64",1
"264","BG_13_66",2
"265","BG_13_73",1
"266","BG_13_74",2
"267","BG_13_81",1
"268","BG_13_82",1
"269","BG_13_85",1
"270","BG_13_86",1
"271","BG_13_89",3
"272","BG_13_9",3
"273","BG_13_90",2
"274","BG_13_91",3
"275","BG_13_92",1
"276","BG_13_95",1
"277","BG_13_96",1
"278","BG_13_99",2
"279","BG_14_100",1
"280","BG_14_13",2
"281","BG_14_17",1
"282","BG_14_19",3
"283","BG_14_21",1
"284","BG_14_22",2
"285","BG_14_25",1
"286","BG_14_29",2
"287","BG_14_31",2
"288","BG_14_35",2
"289","BG_14_36",1
"290","BG_14_39",1
"291","BG_14_5",4
"292","BG_14_50",1
"293","BG_14_53",2
"294","BG_14_54",2
"295","BG_14_59",1
"296","BG_14_61",2
"297","BG_14_62",2
"298","BG_14_66",2
"299","BG_14_7",2
"300","BG_14_74",4
"301","BG_14_75",2
"302","BG_14_76",1
"303","BG_14_8",1
"304","BG_14_83",1
"305","BG_14_9",1
"306","BG_14_93",1
"307","BG_14_94",1
"308","BG_14_99",2
"309","BG_15_1",4
"310","BG_15_100",2
"311","BG_15_11",2
"312","BG_15_12",2
"313","BG_15_13",2
"314","BG_15_14",4
"315","BG_15_15",2
"316","BG_15_16",3
"317","BG_15_17",1
"318","BG_15_18",1
"319","BG_15_19",2
"320","BG_15_2",2
"321","BG_15_20",1
"322","BG_15_21",1
"323","BG_15_22",4
"324","BG_15_23",3
"325","BG_15_24",1
"326","BG_15_26",3
"327","BG_15_27",2
"328","BG_15_28",2
"329","BG_15_29",3
"330","BG_15_3",1
"331","BG_15_30",1
"332","BG_15_31",4
"333","BG_15_32",4
"334","BG_15_33",2
"335","BG_15_34",3
"336","BG_15_35",2
"337","BG_15_36",2
"338","BG_15_37",1
"339","BG_15_38",2
"340","BG_15_39",1
"341","BG_15_4",1
"342","BG_15_40",1
"343","BG_15_41",2
"344","BG_15_42",1
"345","BG_15_43",3
"346","BG_15_44",2
"347","BG_15_45",2
"348","BG_15_46",2
"349","BG_15_48",3
"350","BG_15_49",3
"351","BG_15_5",1
"352","BG_15_50",1
"353","BG_15_51",2
"354","BG_15_52",3
"355","BG_15_53",2
"356","BG_15_55",1
"357","BG_15_56",2
"358","BG_15_58",2
"359","BG_15_59",4
"360","BG_15_6",3
"361","BG_15_60",3
"362","BG_15_61",1
"363","BG_15_63",3
"364","BG_15_64",3
"365","BG_15_65",3
"366","BG_15_66",1
"367","BG_15_67",2
"368","BG_15_68",3
"369","BG_15_69",1
"370","BG_15_7",2
"371","BG_15_70",1
"372","BG_15_71",1
"373","BG_15_72",1
"374","BG_15_73",2
"375","BG_15_74",2
"376","BG_15_75",2
"377","BG_15_77",3
"378","BG_15_78",3
"379","BG_15_79",2
"380","BG_15_8",1
"381","BG_15_81",3
"382","BG_15_82",1
"383","BG_15_83",1
"384","BG_15_85",3
"385","BG_15_86",2
"386","BG_15_87",4
"387","BG_15_89",2
"388","BG_15_9",1
"389","BG_15_90",3
"390","BG_15_91",1
"391","BG_15_92",2
"392","BG_15_93",1
"393","BG_15_94",1
"394","BG_15_95",2
"395","BG_15_97",2
"396","BG_15_99",3
"397","BG_16_1",4
"398","BG_16_10",4
"399","BG_16_100",4
"400","BG_16_11",2
"401","BG_16_13",1
"402","BG_16_15",4
"403","BG_16_16",4
"404","BG_16_17",4
"405","BG_16_18",2
"406","BG_16_19",4
"407","BG_16_20",4
"408","BG_16_21",3
"409","BG_16_22",2
"410","BG_16_23",4
"411","BG_16_24",3
"412","BG_16_25",4
"413","BG_16_26",3
"414","BG_16_27",4
"415","BG_16_28",4
"416","BG_16_29",3
"417","BG_16_3",2
"418","BG_16_30",3
"419","BG_16_31",2
"420","BG_16_32",2
"421","BG_16_33",4
"422","BG_16_34",4
"423","BG_16_35",4
"424","BG_16_36",3
"425","BG_16_37",4
"426","BG_16_38",4
"427","BG_16_39",4
"428","BG_16_4",2
"429","BG_16_40",3
"430","BG_16_41",4
"431","BG_16_42",4
"432","BG_16_43",1
"433","BG_16_44",3
"434","BG_16_45",4
"435","BG_16_46",4
"436","BG_16_47",3
"437","BG_16_48",3
"438","BG_16_49",4
"439","BG_16_5",4
"440","BG_16_50",4
"441","BG_16_51",4
"442","BG_16_52",4
"443","BG_16_53",3
"444","BG_16_54",2
"445","BG_16_55",4
"446","BG_16_56",4
"447","BG_16_57",2
"448","BG_16_58",3
"449","BG_16_59",4
"450","BG_16_6",4
"451","BG_16_60",4
"452","BG_16_61",2
"453","BG_16_62",3
"454","BG_16_63",4
"455","BG_16_64",3
"456","BG_16_65",2
"457","BG_16_67",4
"458","BG_16_68",4
"459","BG_16_7",3
"460","BG_16_70",4
"461","BG_16_71",2
"462","BG_16_72",3
"463","BG_16_73",4
"464","BG_16_74",3
"465","BG_16_75",3
"466","BG_16_76",2
"467","BG_16_77",4
"468","BG_16_78",4
"469","BG_16_79",2
"470","BG_16_8",1
"471","BG_16_80",3
"472","BG_16_81",4
"473","BG_16_82",4
"474","BG_16_83",3
"475","BG_16_84",3
"476","BG_16_85",4
"477","BG_16_86",4
"478","BG_16_88",2
"479","BG_16_89",4
"480","BG_16_9",4
"481","BG_16_90",4
"482","BG_16_91",4
"483","BG_16_92",4
"484","BG_16_93",4
"485","BG_16_94",1
"486","BG_16_95",4
"487","BG_16_96",4
"488","BG_16_97",3
"489","BG_16_98",4
"490","BG_17_1",4
"491","BG_17_10",4
"492","BG_17_100",4
"493","BG_17_11",4
"494","BG_17_12",4
"495","BG_17_13",4
"496","BG_17_14",4
"497","BG_17_15",4
"498","BG_17_16",4
"499","BG_17_17",4
"500","BG_17_18",3
"501","BG_17_19",4
"502","BG_17_2",4
"503","BG_17_20",4
"504","BG_17_22",3
"505","BG_17_23",4
"506","BG_17_24",4
"507","BG_17_26",3
"508","BG_17_27",4
"509","BG_17_28",4
"510","BG_17_29",3
"511","BG_17_3",4
"512","BG_17_30",3
"513","BG_17_31",3
"514","BG_17_32",3
"515","BG_17_33",4
"516","BG_17_34",4
"517","BG_17_35",4
"518","BG_17_36",4
"519","BG_17_37",4
"520","BG_17_38",4
"521","BG_17_39",3
"522","BG_17_4",4
"523","BG_17_40",2
"524","BG_17_41",4
"525","BG_17_42",4
"526","BG_17_43",1
"527","BG_17_44",3
"528","BG_17_45",4
"529","BG_17_46",4
"530","BG_17_47",2
"531","BG_17_48",3
"532","BG_17_49",4
"533","BG_17_5",4
"534","BG_17_50",4
"535","BG_17_51",4
"536","BG_17_52",4
"537","BG_17_53",4
"538","BG_17_54",2
"539","BG_17_55",4
"540","BG_17_56",4
"541","BG_17_57",3
"542","BG_17_58",2
"543","BG_17_59",4
"544","BG_17_6",4
"545","BG_17_60",4
"546","BG_17_61",4
"547","BG_17_62",4
"548","BG_17_63",4
"549","BG_17_64",4
"550","BG_17_65",4
"551","BG_17_66",1
"552","BG_17_67",4
"553","BG_17_68",4
"554","BG_17_7",4
"555","BG_17_71",4
"556","BG_17_73",4
"557","BG_17_74",4
"558","BG_17_75",4
"559","BG_17_76",4
"560","BG_17_77",4
"561","BG_17_78",4
"562","BG_17_79",4
"563","BG_17_8",4
"564","BG_17_80",2
"565","BG_17_81",2
"566","BG_17_82",4
"567","BG_17_83",3
"568","BG_17_84",3
"569","BG_17_85",4
"570","BG_17_86",4
"571","BG_17_87",3
"572","BG_17_88",3
"573","BG_17_89",4
"574","BG_17_9",4
"575","BG_17_90",4
"576","BG_17_91",4
"577","BG_17_92",8
"578","BG_17_93",3
"579","BG_17_94",3
"580","BG_17_95",4
"581","BG_17_96",4
"582","BG_17_97",3
"583","BG_17_98",3
"584","BG_17_99",4
"585","BG_18_1",1
"586","BG_18_10",1
"587","BG_18_11",1
"588","BG_18_12",1
"589","BG_18_13",2
"590","BG_18_16",1
"591","BG_18_17",3
"592","BG_18_18",2
"593","BG_18_19",3
"594","BG_18_2",1
"595","BG_18_21",1
"596","BG_18_25",1
"597","BG_18_26",2
"598","BG_18_29",2
"599","BG_18_30",2
"600","BG_18_35",3
"601","BG_18_36",2
"602","BG_18_4",1
"603","BG_18_41",1
"604","BG_18_43",1
"605","BG_18_47",3
"606","BG_18_48",3
"607","BG_18_5",1
"608","BG_18_51",1
"609","BG_18_57",3
"610","BG_18_58",1
"611","BG_18_61",3
"612","BG_18_62",1
"613","BG_18_66",2
"614","BG_18_69",3
"615","BG_18_7",1
"616","BG_18_71",1
"617","BG_18_72",3
"618","BG_18_75",2
"619","BG_18_76",2
"620","BG_18_79",2
"621","BG_18_8",2
"622","BG_18_80",2
"623","BG_18_83",2
"624","BG_18_84",1
"625","BG_18_87",2
"626","BG_18_88",2
"627","BG_18_93",2
"628","BG_18_94",1
"629","BG_18_96",1
"630","BG_18_97",2
"631","BG_19_10",4
"632","BG_19_17",4
"633","BG_19_18",3
"634","BG_19_19",4
"635","BG_19_21",2
"636","BG_19_22",4
"637","BG_19_25",4
"638","BG_19_26",4
"639","BG_19_27",4
"640","BG_19_28",4
"641","BG_19_29",4
"642","BG_19_30",4
"643","BG_19_31",4
"644","BG_19_32",3
"645","BG_19_33",4
"646","BG_19_34",4
"647","BG_19_37",4
"648","BG_19_38",4
"649","BG_19_39",4
"650","BG_19_40",4
"651","BG_19_44",4
"652","BG_19_47",4
"653","BG_19_54",4
"654","BG_19_55",4
"655","BG_19_56",4
"656","BG_19_57",4
"657","BG_19_6",4
"658","BG_19_64",4
"659","BG_19_65",4
"660","BG_19_7",4
"661","BG_19_8",4
"662","BG_19_9",4
"663","BG_2_1",4
"664","BG_2_100",4
"665","BG_2_11",4
"666","BG_2_12",3
"667","BG_2_13",4
"668","BG_2_14",3
"669","BG_2_15",3
"670","BG_2_16",4
"671","BG_2_17",4
"672","BG_2_18",4
"673","BG_2_19",4
"674","BG_2_2",4
"675","BG_2_20",4
"676","BG_2_21",2
"677","BG_2_22",4
"678","BG_2_23",4
"679","BG_2_24",4
"680","BG_2_25",3
"681","BG_2_26",3
"682","BG_2_27",3
"683","BG_2_28",2
"684","BG_2_29",4
"685","BG_2_3",4
"686","BG_2_30",4
"687","BG_2_31",4
"688","BG_2_32",3
"689","BG_2_33",4
"690","BG_2_34",4
"691","BG_2_35",3
"692","BG_2_36",3
"693","BG_2_37",2
"694","BG_2_38",2
"695","BG_2_39",4
"696","BG_2_4",4
"697","BG_2_40",3
"698","BG_2_41",4
"699","BG_2_42",4
"700","BG_2_43",4
"701","BG_2_44",4
"702","BG_2_45",3
"703","BG_2_46",3
"704","BG_2_47",3
"705","BG_2_48",3
"706","BG_2_49",4
"707","BG_2_5",4
"708","BG_2_50",4
"709","BG_2_51",4
"710","BG_2_52",3
"711","BG_2_53",4
"712","BG_2_54",3
"713","BG_2_55",3
"714","BG_2_56",2
"715","BG_2_57",4
"716","BG_2_58",4
"717","BG_2_59",4
"718","BG_2_6",4
"719","BG_2_60",3
"720","BG_2_61",6
"721","BG_2_62",4
"722","BG_2_63",4
"723","BG_2_64",3
"724","BG_2_65",3
"725","BG_2_66",4
"726","BG_2_67",4
"727","BG_2_68",2
"728","BG_2_69",3
"729","BG_2_7",4
"730","BG_2_70",4
"731","BG_2_71",3
"732","BG_2_72",4
"733","BG_2_73",3
"734","BG_2_74",3
"735","BG_2_75",4
"736","BG_2_76",4
"737","BG_2_77",2
"738","BG_2_78",4
"739","BG_2_79",4
"740","BG_2_8",4
"741","BG_2_80",4
"742","BG_2_81",4
"743","BG_2_82",3
"744","BG_2_83",4
"745","BG_2_84",4
"746","BG_2_85",4
"747","BG_2_86",4
"748","BG_2_87",4
"749","BG_2_88",4
"750","BG_2_89",4
"751","BG_2_9",4
"752","BG_2_90",3
"753","BG_2_91",4
"754","BG_2_92",4
"755","BG_2_93",1
"756","BG_2_94",4
"757","BG_2_95",3
"758","BG_2_96",3
"759","BG_2_97",4
"760","BG_2_98",4
"761","BG_2_99",4
"762","BG_3_10",3
"763","BG_3_100",2
"764","BG_3_12",1
"765","BG_3_13",3
"766","BG_3_14",2
"767","BG_3_15",3
"768","BG_3_16",3
"769","BG_3_17",3
"770","BG_3_18",4
"771","BG_3_19",3
"772","BG_3_20",3
"773","BG_3_22",2
"774","BG_3_23",3
"775","BG_3_24",3
"776","BG_3_25",3
"777","BG_3_26",4
"778","BG_3_27",4
"779","BG_3_28",4
"780","BG_3_29",4
"781","BG_3_30",3
"782","BG_3_32",2
"783","BG_3_33",4
"784","BG_3_34",4
"785","BG_3_35",4
"786","BG_3_36",4
"787","BG_3_37",3
"788","BG_3_38",3
"789","BG_3_39",4
"790","BG_3_40",4
"791","BG_3_42",4
"792","BG_3_43",4
"793","BG_3_44",4
"794","BG_3_45",3
"795","BG_3_46",3
"796","BG_3_47",3
"797","BG_3_48",1
"798","BG_3_49",2
"799","BG_3_50",3
"800","BG_3_52",2
"801","BG_3_53",3
"802","BG_3_54",3
"803","BG_3_55",3
"804","BG_3_56",2
"805","BG_3_57",8
"806","BG_3_58",2
"807","BG_3_59",4
"808","BG_3_60",3
"809","BG_3_62",7
"810","BG_3_63",2
"811","BG_3_64",3
"812","BG_3_65",4
"813","BG_3_66",2
"814","BG_3_67",2
"815","BG_3_68",4
"816","BG_3_69",3
"817","BG_3_70",4
"818","BG_3_72",4
"819","BG_3_73",3
"820","BG_3_74",1
"821","BG_3_75",2
"822","BG_3_76",2
"823","BG_3_77",2
"824","BG_3_78",4
"825","BG_3_79",2
"826","BG_3_80",4
"827","BG_3_82",2
"828","BG_3_83",3
"829","BG_3_84",4
"830","BG_3_85",2
"831","BG_3_86",2
"832","BG_3_87",3
"833","BG_3_88",2
"834","BG_3_89",4
"835","BG_3_9",4
"836","BG_3_90",2
"837","BG_3_92",1
"838","BG_3_93",3
"839","BG_3_94",2
"840","BG_3_95",2
"841","BG_3_96",3
"842","BG_3_97",3
"843","BG_3_98",3
"844","BG_3_99",3
"845","BG_4_1",3
"846","BG_4_10",3
"847","BG_4_100",2
"848","BG_4_11",4
"849","BG_4_12",4
"850","BG_4_13",4
"851","BG_4_14",4
"852","BG_4_15",3
"853","BG_4_16",3
"854","BG_4_17",3
"855","BG_4_18",4
"856","BG_4_19",2
"857","BG_4_2",3
"858","BG_4_20",4
"859","BG_4_21",3
"860","BG_4_22",2
"861","BG_4_23",4
"862","BG_4_24",1
"863","BG_4_25",3
"864","BG_4_26",4
"865","BG_4_27",4
"866","BG_4_28",3
"867","BG_4_29",4
"868","BG_4_3",2
"869","BG_4_30",4
"870","BG_4_31",3
"871","BG_4_32",3
"872","BG_4_33",3
"873","BG_4_34",4
"874","BG_4_35",3
"875","BG_4_36",3
"876","BG_4_37",4
"877","BG_4_38",4
"878","BG_4_39",4
"879","BG_4_4",3
"880","BG_4_40",4
"881","BG_4_41",4
"882","BG_4_42",4
"883","BG_4_43",3
"884","BG_4_44",3
"885","BG_4_45",3
"886","BG_4_46",4
"887","BG_4_47",3
"888","BG_4_48",4
"889","BG_4_49",4
"890","BG_4_5",2
"891","BG_4_50",4
"892","BG_4_51",3
"893","BG_4_52",4
"894","BG_4_53",4
"895","BG_4_54",4
"896","BG_4_55",4
"897","BG_4_56",2
"898","BG_4_57",2
"899","BG_4_58",3
"900","BG_4_59",3
"901","BG_4_6",3
"902","BG_4_60",4
"903","BG_4_61",4
"904","BG_4_62",2
"905","BG_4_63",4
"906","BG_4_64",3
"907","BG_4_65",3
"908","BG_4_66",4
"909","BG_4_67",3
"910","BG_4_68",1
"911","BG_4_69",3
"912","BG_4_7",2
"913","BG_4_70",3
"914","BG_4_71",3
"915","BG_4_72",4
"916","BG_4_73",4
"917","BG_4_74",3
"918","BG_4_75",4
"919","BG_4_76",3
"920","BG_4_77",3
"921","BG_4_78",4
"922","BG_4_79",4
"923","BG_4_8",2
"924","BG_4_80",3
"925","BG_4_81",3
"926","BG_4_82",4
"927","BG_4_83",3
"928","BG_4_84",2
"929","BG_4_85",4
"930","BG_4_86",3
"931","BG_4_87",3
"932","BG_4_88",4
"933","BG_4_89",3
"934","BG_4_9",2
"935","BG_4_90",4
"936","BG_4_91",2
"937","BG_4_92",2
"938","BG_4_93",2
"939","BG_4_94",3
"940","BG_4_95",3
"941","BG_4_96",4
"942","BG_4_97",2
"943","BG_4_98",4
"944","BG_4_99",4
"945","BG_5_1",10
"946","BG_5_10",11
"947","BG_5_100",9
"948","BG_5_11",9
"949","BG_5_12",11
"950","BG_5_13",10
"951","BG_5_14",5
"952","BG_5_15",11
"953","BG_5_16",10
"954","BG_5_17",8
"955","BG_5_18",9
"956","BG_5_19",11
"957","BG_5_2",10
"958","BG_5_20",7
"959","BG_5_21",9
"960","BG_5_22",9
"961","BG_5_23",10
"962","BG_5_24",9
"963","BG_5_25",9
"964","BG_5_26",8
"965","BG_5_27",8
"966","BG_5_28",9
"967","BG_5_29",9
"968","BG_5_3",8
"969","BG_5_30",9
"970","BG_5_31",6
"971","BG_5_32",7
"972","BG_5_33",9
"973","BG_5_34",10
"974","BG_5_35",9
"975","BG_5_36",10
"976","BG_5_37",7
"977","BG_5_38",5
"978","BG_5_39",8
"979","BG_5_4",7
"980","BG_5_40",6
"981","BG_5_41",9
"982","BG_5_42",10
"983","BG_5_43",10
"984","BG_5_44",9
"985","BG_5_45",9
"986","BG_5_46",8
"987","BG_5_47",10
"988","BG_5_48",9
"989","BG_5_49",9
"990","BG_5_5",10
"991","BG_5_50",8
"992","BG_5_51",7
"993","BG_5_52",4
"994","BG_5_53",4
"995","BG_5_54",10
"996","BG_5_55",9
"997","BG_5_56",11
"998","BG_5_57",9
"999","BG_5_58",12
"1000","BG_5_59",10
"1001","BG_5_6",10
"1002","BG_5_60",10
"1003","BG_5_61",9
"1004","BG_5_62",10
"1005","BG_5_63",12
"1006","BG_5_64",9
"1007","BG_5_65",9
"1008","BG_5_66",6
"1009","BG_5_67",7
"1010","BG_5_68",10
"1011","BG_5_69",11
"1012","BG_5_7",10
"1013","BG_5_70",10
"1014","BG_5_71",8
"1015","BG_5_72",7
"1016","BG_5_73",12
"1017","BG_5_74",11
"1018","BG_5_75",10
"1019","BG_5_76",9
"1020","BG_5_77",11
"1021","BG_5_78",10
"1022","BG_5_79",11
"1023","BG_5_8",10
"1024","BG_5_80",9
"1025","BG_5_81",9
"1026","BG_5_82",10
"1027","BG_5_83",11
"1028","BG_5_84",6
"1029","BG_5_85",9
"1030","BG_5_86",6
"1031","BG_5_87",10
"1032","BG_5_88",8
"1033","BG_5_89",9
"1034","BG_5_9",10
"1035","BG_5_90",10
"1036","BG_5_91",8
"1037","BG_5_92",7
"1038","BG_5_93",8
"1039","BG_5_94",7
"1040","BG_5_95",7
"1041","BG_5_96",11
"1042","BG_5_97",9
"1043","BG_5_98",10
"1044","BG_5_99",10
"1045","BG_6_1",4
"1046","BG_6_10",4
"1047","BG_6_100",4
"1048","BG_6_11",4
"1049","BG_6_12",5
"1050","BG_6_13",3
"1051","BG_6_14",4
"1052","BG_6_15",5
"1053","BG_6_16",1
"1054","BG_6_17",4
"1055","BG_6_18",4
"1056","BG_6_19",3
"1057","BG_6_2",2
"1058","BG_6_20",3
"1059","BG_6_21",4
"1060","BG_6_23",2
"1061","BG_6_24",2
"1062","BG_6_25",4
"1063","BG_6_26",3
"1064","BG_6_27",3
"1065","BG_6_28",4
"1066","BG_6_29",4
"1067","BG_6_3",4
"1068","BG_6_31",4
"1069","BG_6_32",3
"1070","BG_6_33",4
"1071","BG_6_34",4
"1072","BG_6_35",3
"1073","BG_6_36",3
"1074","BG_6_37",4
"1075","BG_6_38",3
"1076","BG_6_39",2
"1077","BG_6_4",2
"1078","BG_6_40",4
"1079","BG_6_41",4
"1080","BG_6_42",4
"1081","BG_6_43",3
"1082","BG_6_44",1
"1083","BG_6_45",2
"1084","BG_6_46",2
"1085","BG_6_47",4
"1086","BG_6_48",2
"1087","BG_6_49",4
"1088","BG_6_5",3
"1089","BG_6_50",4
"1090","BG_6_51",4
"1091","BG_6_52",3
"1092","BG_6_53",3
"1093","BG_6_54",3
"1094","BG_6_55",3
"1095","BG_6_56",4
"1096","BG_6_57",4
"1097","BG_6_58",4
"1098","BG_6_59",4
"1099","BG_6_6",5
"1100","BG_6_60",4
"1101","BG_6_61",2
"1102","BG_6_62",5
"1103","BG_6_64",4
"1104","BG_6_65",4
"1105","BG_6_66",4
"1106","BG_6_67",3
"1107","BG_6_68",4
"1108","BG_6_69",4
"1109","BG_6_7",3
"1110","BG_6_70",4
"1111","BG_6_71",4
"1112","BG_6_72",4
"1113","BG_6_73",4
"1114","BG_6_74",1
"1115","BG_6_75",2
"1116","BG_6_76",4
"1117","BG_6_77",4
"1118","BG_6_78",4
"1119","BG_6_79",4
"1120","BG_6_8",2
"1121","BG_6_81",4
"1122","BG_6_82",4
"1123","BG_6_83",4
"1124","BG_6_84",3
"1125","BG_6_85",4
"1126","BG_6_86",3
"1127","BG_6_87",4
"1128","BG_6_88",4
"1129","BG_6_89",4
"1130","BG_6_9",3
"1131","BG_6_90",4
"1132","BG_6_91",4
"1133","BG_6_92",4
"1134","BG_6_93",3
"1135","BG_6_94",4
"1136","BG_6_95",3
"1137","BG_6_96",4
"1138","BG_6_97",3
"1139","BG_6_99",4
"1140","BG_7_1",3
"1141","BG_7_10",4
"1142","BG_7_100",4
"1143","BG_7_11",4
"1144","BG_7_12",4
"1145","BG_7_13",3
"1146","BG_7_14",4
"1147","BG_7_15",4
"1148","BG_7_16",4
"1149","BG_7_18",4
"1150","BG_7_19",4
"1151","BG_7_2",4
"1152","BG_7_20",4
"1153","BG_7_21",4
"1154","BG_7_22",4
"1155","BG_7_24",4
"1156","BG_7_25",3
"1157","BG_7_26",3
"1158","BG_7_27",4
"1159","BG_7_28",4
"1160","BG_7_29",4
"1161","BG_7_3",4
"1162","BG_7_30",4
"1163","BG_7_31",2
"1164","BG_7_32",4
"1165","BG_7_33",4
"1166","BG_7_34",4
"1167","BG_7_35",4
"1168","BG_7_36",4
"1169","BG_7_37",4
"1170","BG_7_38",4
"1171","BG_7_39",3
"1172","BG_7_4",3
"1173","BG_7_40",3
"1174","BG_7_41",3
"1175","BG_7_42",4
"1176","BG_7_43",4
"1177","BG_7_44",4
"1178","BG_7_45",3
"1179","BG_7_46",4
"1180","BG_7_47",3
"1181","BG_7_48",4
"1182","BG_7_49",4
"1183","BG_7_5",4
"1184","BG_7_50",3
"1185","BG_7_51",4
"1186","BG_7_52",4
"1187","BG_7_53",4
"1188","BG_7_54",4
"1189","BG_7_55",4
"1190","BG_7_56",4
"1191","BG_7_57",8
"1192","BG_7_58",2
"1193","BG_7_59",3
"1194","BG_7_6",4
"1195","BG_7_60",4
"1196","BG_7_61",2
"1197","BG_7_62",2
"1198","BG_7_63",4
"1199","BG_7_64",4
"1200","BG_7_65",4
"1201","BG_7_66",4
"1202","BG_7_67",4
"1203","BG_7_68",3
"1204","BG_7_69",4
"1205","BG_7_7",4
"1206","BG_7_70",4
"1207","BG_7_71",4
"1208","BG_7_72",4
"1209","BG_7_73",3
"1210","BG_7_74",4
"1211","BG_7_75",3
"1212","BG_7_76",4
"1213","BG_7_77",4
"1214","BG_7_78",4
"1215","BG_7_79",4
"1216","BG_7_8",4
"1217","BG_7_80",2
"1218","BG_7_81",2
"1219","BG_7_82",3
"1220","BG_7_83",4
"1221","BG_7_84",3
"1222","BG_7_85",4
"1223","BG_7_86",4
"1224","BG_7_88",4
"1225","BG_7_89",4
"1226","BG_7_9",4
"1227","BG_7_90",4
"1228","BG_7_91",4
"1229","BG_7_92",3
"1230","BG_7_93",4
"1231","BG_7_94",2
"1232","BG_7_95",4
"1233","BG_7_96",4
"1234","BG_7_97",4
"1235","BG_7_98",3
"1236","BG_7_99",4
"1237","BG_9_10",3
"1238","BG_9_100",2
"1239","BG_9_11",4
"1240","BG_9_12",3
"1241","BG_9_13",3
"1242","BG_9_14",4
"1243","BG_9_15",4
"1244","BG_9_16",4
"1245","BG_9_17",4
"1246","BG_9_18",4
"1247","BG_9_19",4
"1248","BG_9_2",2
"1249","BG_9_20",4
"1250","BG_9_21",4
"1251","BG_9_22",4
"1252","BG_9_23",2
"1253","BG_9_24",3
"1254","BG_9_25",2
"1255","BG_9_26",3
"1256","BG_9_27",4
"1257","BG_9_28",3
"1258","BG_9_29",4
"1259","BG_9_3",3
"1260","BG_9_30",4
"1261","BG_9_31",4
"1262","BG_9_32",5
"1263","BG_9_33",4
"1264","BG_9_34",3
"1265","BG_9_35",4
"1266","BG_9_36",4
"1267","BG_9_37",2
"1268","BG_9_38",4
"1269","BG_9_39",2
"1270","BG_9_40",1
"1271","BG_9_41",3
"1272","BG_9_42",4
"1273","BG_9_43",3
"1274","BG_9_44",4
"1275","BG_9_45",4
"1276","BG_9_46",3
"1277","BG_9_47",2
"1278","BG_9_48",3
"1279","BG_9_49",4
"1280","BG_9_5",4
"1281","BG_9_50",5
"1282","BG_9_51",4
"1283","BG_9_52",4
"1284","BG_9_53",4
"1285","BG_9_54",3
"1286","BG_9_55",3
"1287","BG_9_56",4
"1288","BG_9_57",4
"1289","BG_9_58",3
"1290","BG_9_59",3
"1291","BG_9_6",4
"1292","BG_9_60",4
"1293","BG_9_61",4
"1294","BG_9_62",3
"1295","BG_9_63",3
"1296","BG_9_64",1
"1297","BG_9_65",4
"1298","BG_9_66",2
"1299","BG_9_67",3
"1300","BG_9_68",2
"1301","BG_9_69",3
"1302","BG_9_7",4
"1303","BG_9_70",4
"1304","BG_9_71",4
"1305","BG_9_72",4
"1306","BG_9_73",2
"1307","BG_9_74",3
"1308","BG_9_75",4
"1309","BG_9_76",3
"1310","BG_9_77",4
"1311","BG_9_78",3
"1312","BG_9_79",3
"1313","BG_9_8",4
"1314","BG_9_80",3
"1315","BG_9_81",4
"1316","BG_9_82",4
"1317","BG_9_83",2
"1318","BG_9_84",4
"1319","BG_9_85",3
"1320","BG_9_86",3
"1321","BG_9_87",3
"1322","BG_9_88",2
"1323","BG_9_89",4
"1324","BG_9_9",4
"1325","BG_9_90",3
"1326","BG_9_91",3
"1327","BG_9_92",2
"1328","BG_9_94",3
"1329","BG_9_95",4
"1330","BG_9_96",2
"1331","BG_9_97",3
"1332","BG_9_98",4
"1333","BG_9_99",2
